# key	waqf	ibtida
2:4	من قبلک	و بالاخره
2:14	قالوا انا معکم	و اذا خلوا
2:17	بنورهم	فلما اضاءت
2:19	برق	یجعلون
2:22	ماء|بناء	و انزل
2:23	من مثله	فاتوا بسوره
2:27	ان یوصل	و یقطعون
2:29	الی السماء	ثم استوي
2:31	الملائکه	ثم عرضهم
2:33	والارض	قال الم اقل لکم
2:35	حیث شئتما	و کلا منها رغدا
2:40	اوف بعهدکم	و اوفوا بعهدي
2:48	شیئا|شفاعه	لا تجزي نفس|و لا یقبل
2:49	سوء العذاب	یسومونکم
2:54	فتوبوا الی بارئکم	فتوبوا الی بارئکم
2:58	سجدا	وادخلوالباب
2:59	رجزا من السماء	فانزلنا
2:61	مما تنبت الارض|فادع لنا ربک	فادع لنا ربک
2:62	عند ربهم|: والیوم الاخر	فلهم اجرهم|من ءامن باالله
2:63	بقوه	خذوا
2:75	من بعد ما عقلوه|ثم یحرفونه	ثم یحرفونه
2:76	علیکم|آمنا	قالوا اتحدثونهم|و اذا خلا بعضهم
2:79	من عنداالله	ثم یقولون
2:83	الا االله|و آتواالزکوه	و بالوالدین احسانا|ثم تولیتم
2:84	من دیارکم	و لا تخرجون
2:89	علی الذین کفروا	فلما جاءهم
2:90	انزل االله	ان یکفروا
2:91	بما وراءه	قالوا نومن بما
2:94	فتمنواالموت	فتمنواالموت
2:97	باذن االله	فانه نزله
2:101	وراء ظهورهم|:کتاب االله|:اوتوالکتاب	نبذ فریق
2:102	کفروا	و لکن الشیاطین
2:109	کفارا	لو یردونکم
2:112	عند ربه	فله اجره
2:123	شیئا|عدل	لا تجزي نفس|و لا یقبل
2:126	آمنا	رب اجعل
2:129	آیاتک	یتلوا علیهم
2:132	الدین	یا بنی
2:133	من بعدي|الها واحدا	قالوا نعبد الهک|و نحن له مسلمون
2:136	الی ابراهیم|و عیسی	و ما انزل|و ما اوتی موسی
2:139	اعمالکم	و لنا اعمالنا
2:143	علی الناس	لتکونوا
2:150	حجه|واخشونی	لئلا یکون|و لاتم نعمتی
2:151	و یزکیکم	یتلوا علیکم
2:159	ئک یلعنهم االله|فی الکتاب	ئک یلعنهم االله
2:164	بما ینفع الناس|من ماء|و تصریف الریاح	والفلک|و ما انزل االله|و تصریف الریاح
2:174	الا النار|ثمنا قلیلا	ئک|و یشترون
2:177	والیوم الاخر|ذوي القربی|و آتی الزکوه	و لکن البر|و آتی المال|و اقام الصلوه
2:183	کتب علیکم الصیام	کتب علیکم الصیام
2:185	و لتکملوا العده	و لتکبروااالله
2:188	بالاثم|الی الحکام	لتاکلوا|و تدلوا بها
2:213	و منذرین|بالحق	فبعث االله|و انزل معهم
2:232	ازواجهن	فلا تعضلوهن
2:237	فنصف ما فرضتم	فنصف ما فرضتم
2:240	لازواجهم	وصیه
2:243	حذر الموت	فقال لهم االله
2:246	ملکا	اذ قالوا
2:248	من ربکم	ان یاتیکم|فیه سکینه
2:249	فلیس منی|بنهر	فمن شرب
2:250	صبرا	قالوا ربنا
2:251	جالوت	و قتل داوود
2:253	و لکن اختلفوا	و لکن اختلفوا
2:254	مما رزقناکم	انفقوا
2:258	الملک|:من المغرب	اذ قال ابراهیم|: فبهت الذي کفر
2:260	جزءا	ثم اجعل
2:261	سبع سنابل	کمثل حبه
2:262	عند ربهم	لهم اجرهم
2:264	بالمن والاذي|رئاء الناس	لا تبطلوا|کالذي ینفق
2:265	ضعفین|وابل|بربوه	کمثل جنه
2:266	تحتها الانهار|و له ذریه ضعفاء	له فیها|فاصابها اعصار
2:273	فی الارض|تعرفهم بسیماهم	لا یستطیعون|تعرفهم بسیماهم
2:274	عند ربهم	فلهم اجرهم
2:277	عند ربهم	لهم اجرهم
2:282	من الشهداء	فرجل وامراتان
3:14	والفضه	والقناطیر
3:15	خالدین فیها	جنات تجري
3:21	بغیر حق|من الناس	و یقتلون النبیین|و یقتلون الذین
3:23	لیحکم بینهم	یدعون
3:26	الملک ممن تشاء	و تعز من تشاء
3:30	من سوء|محضرا	تود|و ما عملت
3:39	بیحیی	ان االله یبشرك
3:45	بکلمه منه	ان االله یبشرك
3:55	من الذین کفروا	و مطهرك
3:56	والاخره	فاعذبهم
3:61	ابناءکم|ثم نبتهل	فقل تعالوا|ثم نبتهل
3:64	الا نعبد الا االله	الا نعبد الا االله
3:65	فی ابراهیم	لم تحاجون
3:72	واکفروا آخره	آمنوا بالذي
3:73	ما اوتیتم|الا لمن تبع دینکم	ان یوتی|قل ان الهدي
3:75	یوده الیک	و منهم من
3:77	فی الآخره|و لا یزکیهم	ئک لا خلاق لهم|و لهم عذاب الیم
3:78	و ما هو من الکتاب	و یقولون هو من
3:81	لما معکم	ثم جاءکم
3:84	علی ابراهیم|و عیسی	و ما انزل|و ما اوتی موسی
3:90	لن تقبل توبتهم	لن تقبل توبتهم
3:91	ذهبا	فلن یقبل
3:93	علی نفسه	من قبل
3:103	اخوانا	اذ کنتم|و کنتم علی شفا حفره
3:112	و باءوا بغضب من االله|و حبل من الناس	و باءوا بغضب من االله
3:114	و ینهون عن المنکر	و یامرون بالمعروف
3:117	کمثل ریح فیها صر	کمثل ریح فیها صر
3:118	ودوا ما عنتم	ودوا ما عنتم
3:119	تومنون بالکتاب کله	و اذا لقوکم
3:124	ان یمدکم ربکم	الن یکفیکم
3:125	یمددکم ربکم	یمددکم ربکم
3:133	و جنه عرضها السماوات والارض	و جنه عرضها السماوات والارض
3:135	فاستغفروا لذنوبهم	و من یغفر الذنوب
3:146	فی سبیل االله	فما وهنوا
3:147	فی امرنا	ربنا اغفرلنا
3:149	یردوکم علی اعقابکم	ان تطیعوا الذین کفروا
3:153	غما بغم|فی اخراکم	فاثابکم
3:156	لا تکونوا کالذین کفروا|و ما قتلوا	لا تکونوا کالذین کفروا|لیجعل االله
3:164	یتلوا علیهم آیاته	یتلوا علیهم آیاته
3:170	من خلفهم	و یستبشرون
3:173	فزادهم ایمانا	فزادهم ایمانا
3:183	فلم قتلتموهم	فلم قتلتموهم
3:184	فقد کذب رسل من قبلک	فقد کذب رسل من قبلک
3:186	و انفسکم	و لتسمعن
3:187	فنبذوه وراء ظهورهم|و لا تکتمونه	فنبذوه وراء ظهورهم
3:188	بما لم یفعلوا	فلا تحسبنهم
3:190	لآیات	لآیات
3:191	فی خلق السماوات والارض	و یتفکرون
3:195	لاکفرن عنهم سیئاتهم	لاکفرن عنهم سیئاتهم
3:198	خالدین فیها	لهم جنات
3:199	خاشعین الله	خاشعین الله
4:1	من نفس واحده	اتقوا ربکم|و خلق منها زوجها
4:5	جعل االله لکم قیاما	وارزقوهم فیها
4:6	وابتلوا الیتامی	حتی اذا بلغوا النکاح
4:7	والاقربون	مما قل منه او کثر
4:9	خافوا علیهم	فلیتقوااالله
4:14	یدخله نارا خالدا فیها	یدخله نارا خالدا فیها
4:17	ثم یتوبون من قریب	ثم یتوبون من قریب
4:18	قال انی تبت الان|احدهم الموت	و لا الذین یموتون|حتی اذا حضر
4:21	الی بعض	و قد افضی
4:25	فمن ما ملکت ایمانکم|غیر مسافحات	فمن ما ملکت ایمانکم|محصنات
4:29	لا تاکلوا اموالکم بینکم بالباطل	لا تاکلوا اموالکم بینکم بالباطل
4:31	نکفر عنکم سیئاتکم	نکفر عنکم سیئاتکم
4:35	و حکما من اهلها	ان یریدا اصلاحا
4:36	و لا تشرکوا به شیئا|والجار ذي القر بی	و بالوالدین احسانا|والجار ذي القربی
4:42	لو تسوي بهم الارض	و لا یکتمون االله
4:46	یقولون سمعنا و عصینا|بکفرهم	یقولون سمعنا و عصینا|و لکن لعنهم االله
4:47	مصدقا لما معکم|علی ادبارها	ءامنوا|فنردها
4:51	والطاغوت	یومنون|و یقولون
4:56	نارا	کلما نضجت
4:57	من تحتها الانهار	سندخلهم جنات
4:58	الی اهلها	و اذا حکمتم
4:62	یحلفون باالله	ثم جاءوك
4:63	فاعرض عنهم	فاعرض عنهم
4:64	فاستغفرواالله	جاءوك
4:65	مما قضیت|فیما شجر بینهم	ثم لا یجدوا|لا یومنون
4:69	انعم االله علیهم	فاولئک
4:72	لمن لیبطئن	فان اصابتکم
4:73	یا لیتنی کنت معهم	لیقولن
4:75	یقولون|واجعل لنا من لدنک ولیا	یقولون|واجعل لنا من لدنک ولیا
4:77	و ءاتوالزکوه	فلما کتب علیهم القتال
4:90	حصرت صدورهم	او جاءوکم
4:91	فخذوهم	فخذوهم
4:93	خالدا فیها|و لعنه	و جزاؤه|و غضب االله
4:94	فتبینوا|عرض الحیاه الدنیا	ویت اول: اذا ضربتم|ویت دوم: فتبینوا|فعنداالله
4:101	من الصلوه	فلیس علیکم جناح
4:102	ولیاخذوا اسلحتهم|فلیصلوا معک	فاذا سجدوا|ولتأت
4:109	یوم القیامه	فمن یجادل االله
4:112	فقد احتمل بهتانا|ثم یرم به بریئا	فقد احتمل بهتانا|ثم یرم به بریئا
4:113	الا انفسهم|ان یضلوك	و ما یضلون
4:115	نوله ما تولی	نوله ما تولی
4:119	ءاذان الانعام	و لآمرنهم فلیبتکن
4:122	من تحتها الانهار	سندخلهم جنات
4:124	فاولئک یدخلون الجنه|و هو مؤمن	فاولئک یدخلون الجنه
4:135	شهداء الله	کونوا قوامین
4:136	ءامنوا باالله و رسوله	ءامنوا باالله و رسوله
4:137	لم یکن االله لیغفر لهم|ثم ازدادوا کفرا	لم یکن االله لیغفر لهم|ثم ازدادوا کفرا
4:140	فلا تقعدوا معهم|و یستهزأ بها	فلا تقعدوا معهم|ان اذا سمعتم
4:141	یتربصون بکم|قالوا الم نکن معکم	فان کان لکم فتح|و ان کان للکافرین
4:142	و هو خادعهم	و اذا قاموا الی الصلوه
4:150	ان یفرقوا بین االله و رسله|نکفر ببعض	و یریدون ان یفرقوا|و یقولون
4:154	و قلنا لهم ادخلوا الباب سجدا	و قلنا لهم ادخلوا الباب سجدا
4:162	و ما انزل من قبلک	والمقیمین الصلوه
4:163	و عیسی	و عیسی
4:173	فیعذبهم عذابا الیما	فیعذبهم عذابا الیما
4:175	فسیدخلهم فی رحمه منه	فسیدخلهم فی رحمه منه
5:2	و لا القلائد	و لاالهدي
5:3	و ما اهل لغیراالله به|الا ما ذکیتم	و ما اهل لغیراالله به|و ما اکل السبع
5:5	اذا ءاتیتموهن اجورهن	اذا ءاتیتموهن اجورهن
5:11	اذکروا نعمت االله علیکم	اذکروا نعمت االله علیکم
5:12	قرضا حسنا	و اقرضتم االله
5:14	فنسوا حظا مما ذکروا به	فنسوا حظا مما ذکروا به
5:15	تخفون من الکتاب	قد جاءکم|یبین لکم
5:16	الی النور باذنه	و یخرجهم
5:17	و أمه	ان اراد
5:19	من الرسل	قد جاءکم
5:20	اذکروا نعمت االله علیکم|و جعلکم ملوکا	اذکروا نعمت االله علیکم|و جعلکم ملوکا
5:21	و لا ترتدوا علی ادبارکم	و لا ترتدوا علی ادبارکم
5:22	حتی یخرجوا منها	و انا لن ندخلها
5:23	علیهم الباب	فاذا دخلتموه
5:27	من الآخر	فتقبل
5:32	او فساد فی الارض|قتل الناس جمیعا	انه من قتل|و من احیاها
5:33	او یصلبوا	ان یقتلوا
5:35	فی سبیله	اتقوااالله
5:36	لیفتدوا به	لو ان لهم
5:41	یسارعون فی الکفر	لا یحزنک
5:44	والاحبار	والربانیون
5:45	والاذن بالاذن	والاذن بالاذن
5:46	من التوراه	و مصدقا
5:49	و لا تتبع اهواءهم	و لا تتبع اهواءهم
5:54	یحبهم و یحبونه|اعزه علی الکافرین	فسوف یاتی االله|اذله علی المؤمنین
5:57	هزوا و لعبا	لا تتخذوا
5:59	و ما انزل من قبل	هل تنقمون|و ان اکثرکم
5:65	لکفرنا عنهم سیئاتهم	لکفرنا عنهم سیئاتهم
5:66	لاکلوا من فوقهم	لاکلوا من فوقهم
5:68	والانجیل	لستم علی شی ء
5:69	والیوم الآخر|فلا خوف علیهم	والذین هادوا|فلا خوف علیهم
5:71	ثم تاب االله علیهم	ثم تاب االله علیهم
5:77	غیر الحق|قد ضلوا من قبل	لا تغلوا|و لا تتبعوا
5:81	مااتخذوهم اولیاء	و لکن کثیرا منهم فاسقون
5:90	فاجتنبوه	فاجتنبوه
5:91	والمیسر	ان یوقع
5:93	و عملواالصالحات	اذا ماتقوا
5:95	من النعم|طعام مساکین	فجزاء|او کفاره
5:103	و لا حام	و لکن الذین کفروا
5:106	اثنان ذوا عدل منکم|و لو کان ذا قربی|ولا نکتم شهاده االله	اثنان ذوا عدل منکم|فیقسمان باالله|ولا نکتم شهاده االله
5:107	علیهم الاولیان	فیقسمان باالله
5:110	و علی والدتک|بالبینات	اذکر نعمتی|اذ جئتهم
5:112	مائده	هل یستطیع ربک
5:113	صدقتنا	و نعلم
5:114	من السماء|تکون لنا عیدا	ربنا انزل علینا|تکون لنا عیدا
6:6	ما لم نمکن لکم|مدرارا|فاهلکناهم بذنوبهم	مکناهم فی الارض|و ارسلنا السماء|فاهلکناهم بذنوبهم
6:31	فرطنا فیها	قالوا یا حسرتنا
6:35	فی السماء|فی الارض	فان استطعت
6:40	اغیر االله تدعون	اغیر االله تدعون
6:43	و لکن قست قلوبهم	و لکن قست قلوبهم
6:44	ابواب کل شیء	حتی اذا فرحوا
6:51	و لا شفیع	لیس لهم
6:52	فتطردهم	فتطردهم
6:59	فی ظلمات الارض	و لا حبه
6:60	و یعلم ما جرحتم بالنهار	و یعلم ما جرحتم بالنهار
6:63	و خفیه	تدعونه
6:65	او یلبسکم شیعا	او یلبسکم شیعا
6:70	شفیع	لیس لها
6:71	بعد اذ هدانا االله	کالذي
6:81	اشرکتم باالله	و لا تخافون
6:93	و لم یوح الیه شیء	او قال اوحی الی
6:99	کل شیء|قنوان دانیه	فاخرجنا به نبات|و جنات من اعناب
6:108	ثم الی ربهم مرجعهم	ثم الی ربهم مرجعهم
6:111	ما کانوا لیؤمنوا	ما کانوا لیؤمنوا
6:112	والجن	یوحی
6:113	و لیرضوه	و لیرضوه
6:119	و قد فصل لکم ما حرم علیکم	و قد فصل لکم ما حرم علیکم
6:122	کمن مثله فی الظلمات	کمن مثله فی الظلمات
6:130	یقصون علیکم آیاتی	الم یاتکم
6:133	ما یشاء	و یستخلف
6:136	نصیبا	فقالوا هذا الله
6:137	لیردوهم	لیردوهم
6:138	و انعام حرمت ظهورها	و انعام حرمت ظهورها
6:140	و حرموا ما رزقهم االله	و حرموا ما رزقهم االله
6:141	مختلفا اکله	والنخل والزرع
6:145	الا ان یکون میته|او لحم خنزیر	الا ان یکون میته|او لحم خنزیر
6:146	الا ما حملت ظهورهما	الا ما حملت ظهورهما
6:154	تفصیلا لکل شیء	تفصیلا لکل شیء
6:158	لا ینفع نفسا ایمانها	لا ینفع نفسا ایمانها
6:165	درجات	و رفع
7:11	الا ابلیس	ثم قلنا
7:17	و عن شمائلهم	ولا تجد
7:19	فکلا من حیث شئتما	فکلا من حیث شئتما
7:20	من سوءاتهما	و قال ما نهاکما
7:27	من الجنه	لا یفتننکم الشیطان|کما اخرج ابویکم
7:33	بغیرالحق|به سلطانا	والاثم والبغی|و ان تشرکوا باالله
7:35	فلا خوف علیهم	فمن اتقی
7:38	اضلونا	قالت اخراهم
7:39	فما کان لکم علینا من فضل	فما کان لکم علینا من فضل
7:40	ابواب السماء	لا تفتح لهم
7:42	ئک اصحاب الجنه	ئک اصحاب الجنه
7:44	ان قد وجدنا ما وعدنا ربنا حقا	ان قد وجدنا ما وعدنا ربنا حقا
7:48	قالوا ما اغنی عنکم جمعکم	قالوا ما اغنی عنکم جمعکم
7:53	بالحق|فیشفعوا لنا	قد جاءت|فهل لنا
7:54	ثم استوي علی العرش	ثم استوي علی العرش
7:57	فانزلنا به الماء	فانزلنا به الماء
7:59	ما لکم من اله غیره	انی اخاف علیکم
7:63	لینذرکم	لینذرکم
7:72	بآیاتنا	و قطعنا
7:74	و بواکم فی الارض	و بواکم فی الارض
7:75	اتعلمون	اتعلمون
7:77	بما تعدنا	و قالوا یا صالح
7:79	و نصحت لکم	و نصحت لکم
7:85	اشیاءهم	و لا تبخسوالناس
7:86	من ءامن به	و تصدون
7:87	فاصبروا	فاصبروا
7:88	من قریتنا	لنخرجنک
7:94	بالباساء والضراء	الا اخذنا
7:95	فاخذناهم بغته|حتی عفواوقالوا	فاخذناهم بغته|و قالوا
7:96	و لکن کذبوا	و لکن کذبوا
7:133	فاستکبروا	فاستکبروا
7:144	فخذ ما ءاتیتک	فخذ ما ءاتیتک
7:145	فخذها بقوه|تفصیلا لکل شیء	فخذها بقوه
7:146	بغیر الحق|لا یؤمنوا بها	و ان یرو کل آیه|و ان یروا سبیل الرشد
7:149	قالوا	قالوا
7:150	فلا تشمت بی الاعداء	فلا تشمت بی الاعداء
7:158	جمیعا	الذي له
7:161	سجدا	و قولوا حطه
7:162	من السماء|فارسلنا علیهم رجزا	فارسلنا علیهم
7:163	اذ یعدون فی السبت|یوم سبتهم شرعا	اذ یعدون فی السبت|اذ تاتیهم
7:165	بعذاب بئیس|اضطرار: ینهون عن السوء	و اخذنا الذین ظلموا|اضطرار: انجینا الذین
7:169	سیغفر لنا	یاخذون عرض هذا الادنی
7:171	خذوا ما ءاتیناکم بقوه	خذوا ما ءاتیناکم بقوه
7:185	و ما خلق االله من شیء	و ان عسی
7:205	والآصال	و لا تکن من الغافلین
8:2	زادتهم ایمانا|اضطرار: وجلت قلوبهم	و اذا تلیت علیهم
8:7	تکون لکم	و تودون|و یرید االله
8:11	لیطهرکم به	لیطهرکم به
8:16	فقد باء بغضب من االله|او متحیزا الی فئه	فقد باء بغضب من االله
8:26	فآواکم	فآواکم
8:29	فرقانا	ان تتقوااالله
8:31	مثل هذا	قالوا قد سمعنا
8:32	من السماء	فامطر علینا
8:37	و یجعل الخبیث بعضه علی بعض	و یجعل الخبیث بعضه علی بعض
8:38	ما قد سلف	ان ینتهوا|و ان یعودوا
8:41	وللرسول|وابن السبیل	فان الله خمسه|ان کنتم ءامنتم باالله
8:42	و لکن لیقضی االله امرا کان مفعولا	و لکن لیقضی االله امرا کان مفعولا
8:44	و یقللکم فی اعینهم	و یقللکم فی اعینهم
8:45	فاثبتوا	اذا لقیتم فئه
8:47	و رئاء الناس	خرجوا
8:48	من الناس|و قال انی بريء منکم	و قال لا غالب|و قال انی بريء منکم
8:50	یضربون وجوههم و ادبارهم	یضربون وجوههم و ادبارهم
8:53	حتی یغیروا ما بانفسهم	و ان االله سمیع علیم
8:60	ترهبون به عدواالله و عدوکم	ترهبون به عدواالله و عدوکم
8:70	یؤتکم خیرا مما اخذ منکم	ان یعلم االله
8:72	والذین ءاووا و نصروا	والذین ءاووا و نصروا
8:74	والذین ءاووا و نصروا	والذین ءاووا و نصروا
9:2	واعلموا انکم غیر معجزي االله	واعلموا انکم غیر معجزي االله
9:4	لم یظاهروا علیکم احدا	ثم لم ینقصوکم شیئا
9:5	حیث وجدتموهم	فاقتلوا المشرکین
9:12	فقاتلوا ائمه الکفر	فقاتلوا ائمه الکفر
9:13	و هموا باخراج الرسول	و هموا باخراج الرسول
9:16	و لما یعلم االله الذین جاهدوا منکم	و لما یعلم االله الذین جاهدوا منکم
9:18	و اقام الصلوه و ءاتی الزکوه	و اقام الصلوه و ءاتی الزکوه
9:19	والیوم الآخر	کمن ءامن باالله
9:24	و اموال اقترفتموها|فتربصوا	و اموال اقترفتموها|فتربصوا
9:26	و انزل جنودا لم تروها	و انزل جنودا لم تروها
9:29	ما حرم االله و رسوله|اوتوالکتاب	و لا یحرمون|حتی یعطوالجزیه
9:31	والمسیح ابن مریم	و ما امروا
9:32	و یابی االله الا ان یتم نوره	و یابی االله الا ان یتم نوره
9:33	لیظهره علی الدین کله	لیظهره علی الدین کله
9:34	لیاکلون اموال الناس بالباطل	ان کثیرا من الاحبار
9:36	فی کتاب االله	اثنا عشر شهرا
9:37	و یحرمونه عاما	یحلونه عاما
9:40	اذ هما فی الغار|و ایده بجنود لم تروها	اذ اخرجه الذین کفروا|و ایده بجنود لم تروها
9:45	وارتابت قلوبهم	وارتابت قلوبهم
9:46	و لکن کره االله انبعاثهم	و لکن کره االله انبعاثهم
9:47	یبغونکم الفتنه	و فیکم سماعون لهم
9:48	و قلبوا لک الامور	و قلبوا لک الامور
9:54	کفروا باالله و رسوله|الا و هم کسالی	الا انهم|و لا یاتون الصلوه
9:58	فی الصدقات	فان اعطوا منها
9:59	وقالوا حسبنا االله	وقالوا حسبنا االله
9:60	والمؤلفه قلوبهم	والمؤلفه قلوبهم
9:70	و قوم ابراهیم	و قوم ابراهیم
9:71	و یقیمون الصلوه و یؤتون الزکوه	و یقیمون الصلوه و یؤتون الزکوه
9:72	خالدین فیها	جنات تجري
9:74	و لقد قالوا کلمه الکفر	و لقد قالوا کلمه الکفر
9:77	ما وعدوه	بما اخلفواالله
9:79	الا جهدهم	فیسخرون منهم
9:81	فی سبیل االله|ان یجاهدوا	و کرهوا ان یجاهدوا
9:83	فقل لن تخرجوا معی ابدا	فقل لن تخرجوا معی ابدا
9:86	استاذنک اولوالطول منهم	استاذنک اولوالطول منهم
9:91	حرج	و لا علی الذین
9:92	ما احملکم علیه|حزنا	مود اول: قلت لا اجد|تولوا
9:94	عالم الغیب والشهاده	ثم تردون
9:99	والیوم الآخر	من یؤمن باالله
9:100	رضی االله عنهم و رضوا عنه	رضی االله عنهم و رضوا عنه
9:104	و یاخذالصدقات	و ان االله هو التواب الرحیم
9:107	و تفریقا بین المومنین	و تفریقا بین المومنین
9:109	شفا جرف هار	ام من اسس
9:112	الساجدون	الراکعون
9:113	و لو کانوا اولی قربی	و لو کانوا اولی قربی
9:114	وعدها ایاه	فلما تبین له
9:117	الذین اتبعوه فی ساعه العسره	الذین اتبعوه فی ساعه العسره
9:118	الا الیه|و ضاقت علیهم انفسهم	و ظنوا|و ضاقت علیهم انفسهم
9:120	عن رسول االله|یغیظ الکفار	و لا یرغبوا|و لا یطئون موطئا
9:121	لیجزیهم االله|الا کتب لهم	لیجزیهم االله|الا کتب لهم
9:122	لیتفقهوا فی الدین	لیتفقهوا فی الدین
9:126	ثم لا یتوبون	ثم لا یتوبون
9:128	عزیز علیه ما عنتم	عزیز علیه ما عنتم
10:2	و بشر الذین آمنوا	و بشر الذین آمنوا
10:12	او قائما	دعانا لجنبه|فلما کشفنا
10:15	قال الذین لا یرجون لقاءنا	قال الذین لا یرجون لقاءنا
10:18	ولا ینفعهم	و یقولون
10:22	جاءتها ریح عاصف|احیط بهم	جاءتها ریح عاصف|دعواالله
10:31	و الابصار|من المیت	امن یملک|و من یخرج الحی
10:37	بین یدیه	و لکن تصدیق
10:57	قد جاءتکم موعظه من ربکم	قد جاءتکم موعظه من ربکم
10:59	فجعلتم منه حراما و حلالا	قل آاالله
10:61	الا کنا علیکم شهودا|و لا اکبر	و لا تعملون من عمل|و لا اصغر من ذلک
10:71	فعلی االله توکلت|علیکم غمه	فعلی االله توکلت|ثم لا یکن
10:74	فجاءوهم بالبینات	فجاءوهم بالبینات
10:75	فاستکبروا	فاستکبروا
10:78	فی الارض	و تکون
10:87	واجعلوا بیوتکم قبله	واجعلوا بیوتکم قبله
10:88	فی الحیاه الدنیا	ربنا انک ءاتیت|ربنا لیضلوا
10:90	بنوا اسرائیل|قال ءامنت	قال آمنت
10:98	الا قوم یونس	الا قوم یونس
10:104	من دون االله	ان کنتم فی شک|فلا اعبدالذین
11:3	الی اجل مسمی	ثم توبوا الیه|یمتعکم متاعا
11:7	لیبلوکم|لیقولن الذین کفروا	لیبلوکم|لیقولن الذین کفروا
11:12	ان یقولوا	ان یقولوا
11:17	و یتلوه شاهد منه	و یتلوه شاهد منه
11:27	مثلنا|بادي الراي	ما نراك|ویت اول: و ما نراك|و ما نري لکم علینا
11:28	فعمیت علیکم	ان کنت علی بینه|فعمیت علیکم
11:31	و لا اقول انی ملک	و لا اقول انی ملک
11:36	الا من قد ءامن	انه لن یؤمن من قومک
11:40	اثنین	قلنا احمل
11:42	ارکب معنا	و نادي نوح ابنه|یا بنی ارکب معنا
11:52	مدرارا|ثم توبوا الیه	ثم توبوا الیه
11:54	من دون|شرکون	من دون|من دون
11:55	من دون|شرکون	من دون|من دون
11:58	برحمه منا	نجینا هودا
11:63	و ءاتانی منه رحمه	ان کنت علی بینه من ربی|و ءاتانی منه رحمه
11:64	ءایه	فذروها
11:87	آباؤنا	اصلوتک
11:94	الصیحه	و اخذت الذین
11:113	من اولیاء|فتمسکم النار	و ما لکم من دون االله|فتمسکم النار
11:116	الا قلیلا	الا قلیلا
12:3	هذاالقرءان	و ان کنت
12:4	والشمس والقمر	یا ابت
12:6	و یتم نعمته علیک	و یتم نعمته علیک
12:9	یخل لکم وجه ابیکم	یخل لکم وجه ابیکم
12:10	لا تقتلوا یوسف	لا تقتلوا یوسف
12:21	اکرمی مثواه	اکرمی مثواه
12:31	سکینا	و ءاتت
12:31	ما هذا بشرا	و قلن حاش الله
12:40	و ءاباؤکم	سمیتموها
12:42	ذکر ربه	فلبث فی السجن
12:43	سبع عجاف	انی اري
12:46	سبع عجاف|و اخر یابسات	افتنا|لعلی ارجع
12:62	اذاانقلبوا الی اهلهم	اجعلوا بضاعتهم|لعلهم یعرفونها
12:63	منع منا الکیل	قالوا یا ابانا
12:68	من شیء	ما کان یغنی عنهم
12:70	فی رحل اخیه	جعل السقایه
12:80	موثقا من االله	الم تعلموا
12:81	و ما شهدنا الا بما علمنا	و ما شهدنا الا بما علمنا
12:88	و جئنا ببضاعه مزجاه	قالوا یا ایهاالعزیز|مسنا و اهلنا الضر
12:100	و جاء بکم من البدو	و جاء بکم من البدو
12:111	بین یدیه	و لکن
13:4	اعناب|و غیر صنوان	و جنات من اعناب|و نخیل صنوان
13:13	من خیفته	و یرسل الصواعق
13:14	لا یستجیبون لهم بشیء	لا یستجیبون لهم بشیء
13:22	سرا و علانیه	و انفقوا مما رزقناهم
13:25	ان یوصل	و یقطعون
13:30	اوحینا الیک	لتتلوا علیهم الذي
14:1	باذن ربهم	لتخرج الناس
14:5	الی النور	ان اخرج
14:6	یسومونکم سوء العذاب	یسومونکم سوء العذاب
14:9	ارسلتم به	و قالوا
14:10	آباؤنا	تریدون
14:21	انا کنا لکم تبعا	فقال الضعفاء|انا کنا لکم تبعا
14:23	جنات تجري من تحتها الانهار	جنات تجري من تحتها الانهار
14:24	کشجره طیبه	کشجره طیبه
14:31	سرا و علانیه|یقیموا الصلوه	یقیمواالصلوه|و ینفقوا مما رزقناهم
14:32	و انزل من السماء ماء	و انزل من السماء ماء
14:35	رب اجعل هذاالبلد ءامنا	رب اجعل هذاالبلد ءامنا
14:37	لیقیمواالصلوه	فاجعل
14:44	اجل قریب	فیقول الذین ظلموا
14:45	کیف فعلنا بهم	و ضربنا لکم الامثال
14:52	اله واحد	و لیعلموا
15:22	ماء|فاسقیناکموه	فانزلنا من السماء
16:2	ان انذروا	ان انذروا
16:14	تلبسونها	و تري الفلک
16:26	من القواعد|من فوقهم	فاتی االله|فخر علیهم
16:32	یقولون سلام علیکم	یقولون سلام علیکم
16:35	و لا ءاباؤنا	لو شاء االله
16:45	ان یخسف االله بهم الارض	ان یخسف االله بهم الارض
16:48	سجدا الله|والشمائل	یتفیؤا ظلاله
16:63	اعمالهم	فزین لهم
16:64	اختلفوا فیه	الا لتبین لهم
16:72	و حفده	و جعل لکم من ازواجکم
16:75	رزقا حسنا	و من رزقناه منا
16:76	لا یقدر علی شیء	احدهما ابکم
16:78	لا تعلمون شیئا	و جعل لکم السمع
16:80	بیوتا|و یوم اقامتکم	و جعل لکم من جلود الانعام|و من اصوافها
16:81	و جعل لکم من الجبال اکنانا	و جعل لکم من الجبال اکنانا
16:84	ثم لا یؤذن للذین کفروا	ثم لا یؤذن للذین کفروا
16:86	قالوا ربنا هؤلاء شرکاؤنا	قالوا ربنا هؤلاء شرکاؤنا
16:88	زدناهم عذابا فوق العذاب	زدناهم عذابا فوق العذاب
16:91	و لا تنقضواالایمان بعد توکیدها	و لا تنقضواالایمان بعد توکیدها
16:92	دخلا بینکم	تتخذون
16:94	بعد ثبوتها	فتزل قدم
16:102	لیثبت الذین آمنوا	لیثبت الذین آمنوا
16:106	و قلبه مطمئن بالایمان	و لکن من شرح بالکفر صدرا
16:110	ثم جاهدوا و صبروا	ثم جاهدوا و صبروا
16:112	فکفرت بانعم االله|من کل مکان	فکفرت بانعم االله
16:114	واشکروا نعمت االله	واشکروا نعمت االله
16:119	و اصلحوا	ثم تابوا
17:1	الذي بارکنا حوله|الی المسجد الاقصی	اسري بعبده
17:4	لتفسدن فی الارض مرتین	لتفسدن فی الارض مرتین
17:5	ی باس شدید	بعثنا علیکم
17:7	مره	و لیدخلواالمسجد
17:9	یعملون الصالحات|و یبشرالمؤمنین	و یبشرالمؤمنین
17:12	لتبتغوا فضلا من ربکم|مبصره	لتبتغوا فضلا من ربکم|و جعلنا آیه النهار
17:16	ففسقوا فیها	امرنا مترفیها
17:18	ثم جعلنا له جهنم|لمن نرید	عجلنا له|ثم جعلنا له جهنم
17:19	و هو مؤمن	و سعی لها سعیها
17:23	و لا تنهرهما	فلا تقل لهما اف
17:47	و اذ هم نجوي	و اذ هم نجوي
17:57	الی ربهم الوسیله	یبتغون
17:64	و رجلک	و اجلب علیهم
17:68	حاصبا	او یرسل علیکم
17:69	فیغرقکم بما کفرتم	فیرسل علیکم
17:70	من الطیبات	و رزقناهم
17:80	و اخرجنی مخرج صدق	و اخرجنی مخرج صدق
17:88	لا یاتون بمثله	لا یاتون بمثله
17:93	او ترقی فی السماء	او ترقی فی السماء
17:98	و قالوا	و قالوا
17:99	لا ریب فیه|یخلق مثلهم	فابی الظالمون|و جعل لهم اجلا
17:102	بصائر	ما انزل|و انی لاظنک
17:104	اسکنواالارض	فاذا جاء وعد الاخره
17:111	و لم یکن له شریک فی الملک	و لم یکن له شریک فی الملک
18:2	و یبشرالمؤمنین|یعملون الصالحات	و یبشرالمؤمنین
18:10	رحمه	فقالوا ربنا
18:14	والارض	فقالوا ربنا
18:16	من رحمته|فاووا الی الکهف	فاووا الی الکهف
18:17	ذات الیمین	و اذا غربت تقرضهم
18:19	الی المدینه|فلیاتکم برزق منه	فابعثوا|فلیاتکم برزق منه
18:21	و ان الساعه لا ریب فیها	و ان الساعه لا ریب فیها
18:31	اساور من ذهب|و استبرق	یحلون فیها|و یلبسون ثیابا
18:32	من اعناب	جعلنا لاحدهما
18:37	خلقک من تراب	اکفرت
18:40	من السماء	و یرسل علیها
18:42	عروشها	فاصبح
18:45	فاختلط به نبات الارض	فاختلط به نبات الارض
18:49	مالهذالکتاب	و یقولون
18:52	فلم یستجیبوا لهم	فدعوهم
18:55	سنت الاولین|و یستغفروا ربهم	الا ان تاتیهم|و یستغفروا ربهم
18:74	بغیر نفس	لقد جئت شیئا نکرا
18:77	فابوا ان یضیفوهما	فابوا ان یضیفوهما
18:79	یعملون فی البحر	فاردت ان اعیبها
18:82	و کان ابوهما صالحا	فاراد ربک ان یبلغا
18:94	مفسدون فی الارض	ان یاجوج و ماجوج
18:94	فهل نجعل لک خرجا	فهل نجعل لک خرجا
18:105	فحبطت اعمالهم	فحبطت اعمالهم
18:109	کلمات ربی	لنفد البحر
19:23	یا لیتنی مت قبل هذا	قالت یا لیتنی
19:48	و ادعوا ربی	و ادعوا ربی
19:58	و ممن حملنا مع نوح	و ممن حملنا مع نوح
19:75	فسیعلمون	فسیعلمون
20:10	انی آنست نارا	انی آنست نارا
20:39	فلیلقه الیم بالساحل	فلیلقه الیم بالساحل
20:53	ماء	و انزل
20:58	موعدا	فاجعل بیننا
20:63	بسحرهما	یریدان
20:71	و لاصلبنکم فی جذوع النخل	و لاصلبنکم فی جذوع النخل
20:77	یبسا	فاضرب لهم
20:80	من عدوکم	قد انجیناکم
20:87	من زینه القوم	و لکنا حملنا
20:96	فنبذتها	فقبضت قبضه
20:113	لعلهم یتقون	و صرفنا فیه من الوعید
20:134	لقالوا ربنا لو لا ارسلت الینا رسولا	لقالوا ربنا لو لا ارسلت الینا رسولا
21:5	فلیاتنا بآیه	فلیاتنا بآیه
21:28	و لا یشفعون الا لمن ارتضی	و لا یشفعون الا لمن ارتضی
21:36	الا هزوا	ان یتخذونک
21:39	حین لا یکفون عن وجوههم النار	حین لا یکفون عن وجوههم النار
21:41	من قبلک	فحاق بالذین سخروا
21:73	فعل الخیرات	و اوحینا الیهم
21:78	غنم القوم	اذ یحکمان
21:87	انت سبحانک|فظن ان لن نقدر علیه	فنادي|فظن ان لن نقدر علیه
21:91	من روحنا	فنفخنا فیها
21:94	فلا کفران لسعیه	فلا کفران لسعیه
21:97	الذین کفروا|قد کنا فی غفله من هذا	فاذا هی شاخصه|یا ویلنا
21:103	و تتلقاهم الملائکه	و تتلقاهم الملائکه
22:2	و تضع کل ذات حمل حملها	و تري الناس سکاري
22:5	من تراب|ثم من علقه|اهتزت و ربت	فانا خلقناکم|ثم من علقه|فاذا انزلنا
22:15	ثم لیقطع|الی السماء	فلیمدد
22:17	والذین اشرکوا	ان االله یفصل
22:18	والنجوم	والشمس والقمر
22:23	تحتها الانهار	جنات تجري
22:25	والمسجدالحرام	و یصدون
22:26	ان لا تشرك بی شیئا	ان لا تشرك بی شیئا
22:28	فی ایام معلومات	و یذکرواسم االله
22:35	والصابرین علی ما اصابهم	والصابرین علی ما اصابهم
22:40	و مساجد	و مساجد
22:41	اقامواالصلوه و ءاتواالزکوه	اقامواالصلوه و ءاتواالزکوه
22:45	و بئر معطله	و بئر معطله
22:52	ما یلقی الشیطان|فی امنیته	فینسخ اللهما یلقی الشیطان
22:55	حتی تاتیهم الساعه بغته	حتی تاتیهم الساعه بغته
22:61	و یولج النهار فی اللیل	و ان االله سمیع بصیر
22:62	هوالباطل	و ان ما یدعون|و ان االله هو العلی
22:65	بامره	سخر لکم|و یمسک السماء
22:77	واعبدوا ربکم	ارکعوا
22:78	شهیدا علیکم	لیکون الرسول
23:14	فخلقنا المضغه عظاما	فخلقنا المضغه عظاما
23:24	یرید ان یتفضل علیکم	یرید ان یتفضل علیکم
23:27	باعیننا و وحینا|زوجین اثنین	فاذا جاء امرنا|فاسلک فیها
23:33	بشر مثلکم|فی الحیاه الدنیا	ما هذا الا بشر مثلکم
24:4	فاجلدوهم ثمانین جلده	فاجلدوهم ثمانین جلده
24:6	شهادات باالله	فشهاده احدهم
24:15	و تحسبونه هینا|ما لیس لکم به علم	و تحسبونه هینا|و تقولون بافواهکم
24:31	او ابنائهن|او نسائهن	او ابنائهن|او نسائهن
24:35	زیتونه|لا شرقیه و لا غربیه	یوقد|یکاد زیتها
24:37	و ایتاء الزکوه	یخافون یوما
24:39	ماء	حتی اذا جاءه
24:43	من خلاله|فیها من برد	فتري الودق|و ینزل من السماء
24:55	لیستخلفنهم فی الارض|ارتضی لهم	لیستخلفنهم فی الارض|و لیمکنن لهم
24:58	الذین ملکت ایمانکم	لیستاذنکم
24:60	ثیابهن	فلیس علیهن
24:62	الذین آمنوا باالله و رسوله	الذین آمنوا باالله و رسوله
25:2	و لم یکن له شریک فی الملک	و لم یکن له شریک فی الملک
25:3	و لا یملکون لانفسهم ضرا و لا نفعا	و لا یملکون لانفسهم ضرا و لا نفعا
25:7	ویمشی فی الاسواق	لو لا انزل الیه
25:10	من تحتهاالانهار	ان شاء
25:17	هؤلاء	فیقول
25:18	و لکن متعتهم و ءاباءهم	و لکن متعتهم و ءاباءهم
25:53	و هذا ملح اجاج	و جعل بینهما برزخا
25:63	هونا	الذین
25:68	بالحق|حرم االله	و لا یقتلون النفس
25:74	قره اعین	ربنا هب لنا
27:7	انی ءانست نارا	انی ءانست نارا
27:18	ادخلوا مساکنکم	قالت نمله
27:19	انعمت علی و علی والدي|ترضاه	ان اشکر نعمتک|و ادخلنی برحمتک
27:24	اعمالهم	و زین لهم
27:49	ما شهدنا مهلک اهله	ثم لنقولن لولیه
27:60	و انزل لکم من السماء ماء	و انزل لکم من السماء ماء
27:61	انهارا	و جعل خلالها
27:82	تکلمهم	اخرجنا لهم
28:4	و جعل اهلها شیعا	و جعل اهلها شیعا
28:12	یکفلونه لکم	فقالت هل ادلکم
28:13	ان وعداالله حق	و لتعلم
28:15	یقتتلان	فوجد فیها
28:20	فاخرج|لیقتلوك	قال یا موسی
28:23	یسقون	وجد علیه
28:29	جانب الطور نارا|بخبر	قال لاهله|لعلی ءاتیکم
28:30	من الشجره	نودي
28:36	سحر مفتري	قالوا ما هذا
28:38	من اله غیري|الی اله موسی	فاوقد لی یا هامان|فاجعل لی صرحا
28:43	للناس	بصائر
28:46	ولکن رحمه من ربک	و لکن رحمه من ربک
28:47	فنتبع آیاتک|فیقولوا	فیقولوا
28:54	و یدرءون بالحسنه السیئه	و یدرءون بالحسنه السیئه
28:55	سلام علیکم	و قالوا لنا اعمالنا
28:57	ثمرات کل شیء	یجبی الیه
28:61	متاع الحیاه الدنیا	کمن متعناه
28:71	الی یوم القیامه	ان جعل االله
28:72	الی یوم القیامه	ان جعل االله
28:73	و لبتغوا من فضله	لتسکنوا فیه
28:75	فقلنا هاتوا برهانکم	فقلنا هاتوا برهانکم
28:80	و عمل صالحا	ویلکم
28:81	من دون االله	فما کان له
28:82	یقولون	یقولون
29:7	لنکفرن عنهم سیئاتهم	لنکفرن عنهم سیئاتهم
29:10	کعذاب االله	فاذا اوذي|و لئن جاء
29:12	ولنحمل خطایاکم	و ما هم بحاملین من خطایاهم
29:14	الا خمسین عاما	فلبث فیهم
29:17	لا یملکون لکم رزقا	لا یملکون لکم رزقا
29:23	من رحمتی	ئک یئسوا
29:25	و ماواکم النار	و ماواکم النار
29:27	و الکتاب	و ءاتیناه اجره فی الدنیا
29:33	و ضاق بهم ذرعا	سی ء بهم
29:36	و الی مدین اخاهم شعیبا	فقال یا قوم اعبدواالله
29:40	اخذته الصیحه|به الارض	و منهم من اخذته|و منهم من خسفنا
29:46	و الهنا و الهکم واحد	و الهنا و الهکم واحد
29:58	لنبوئنهم من الجنه غرفا	لنبوئنهم من الجنه غرفا
29:65	دعوااالله مخلصین له الدین	فلما نجاهم الی البر
30:9	مما عمروها	و اثاروالارض
30:21	ازواجا	ان خلق لکم
30:24	و ینزل من السماء ماء	و ینزل من السماء ماء
30:28	فانتم فیه سواء	فانتم فیه سواء
30:33	منیبین الیه	ثم اذا اذاقهم منه رحمه
30:41	بعض الذي عملوا|ایدي الناس	لیذیقهم بعض الذي عملوا
30:46	و لتجري الفلک بامره	و لتجري الفلک بامره
30:48	کیف یشاء	فتثیر سحابا
30:54	ثم جعل من بعد ضعف قوه	ثم جعل من بعد ضعف قوه
31:6	لیضل عن سبیل االله بغیر علم	لیضل عن سبیل االله بغیر علم
31:14	حملته امه وهنا علی وهن	حملته امه وهنا علی وهن
31:16	او فی الارض	فتکن فی صخره
31:27	سبعه ابحر	والبحر یمده
31:29	و سخرالشمس والقمر	و سخر الشمس والقمر
31:30	الباطل	و ان ما یدعون
31:32	دعوااالله مخلصین له الدین	فلما نجاهم الی البر
31:33	من ولده	واخشوا یوما
32:5	الی الارض	ثم یعرج الیه
32:12	سمعنا|عند ربهم	ربنا ابصرنا|ناکسوا رءوسهم
32:13	و لکن حق القول منی	و لکن حق القول منی
32:20	عذاب النار	و قیل لهم
32:27	فنخرج به زرعا	فنخرج به زرعا
33:6	من المؤمنین والمهاجرین	الا ان تفعلوا
33:9	اذکروا نعمت االله علیکم	اذکروا نعمت االله علیکم
33:10	و من اسفل منکم	و اذ زاغت الابصار
33:21	لمن کان یرجوااالله والیوم الاخر	لمن کان یرجوااالله والیوم الاخر
33:26	و قذف فی قلوبهم الرعب	و قذف فی قلوبهم الرعب
33:28	فتعالین امتعکن	فتعالین امتعکن
33:29	والدارالاخره	فان االله اعد للمحسنات
33:31	نؤتها اجرها مرتین	نؤتها اجرها مرتین
33:37	واتق االله|علی المؤمنین حرج	و تخفی فی نفسک|لکی لا یکون
33:49	من قبل ان تمسوهن	اذا نکحتم المؤمنات|ثم طلقتموهن
33:52	و لو اعجبک حسنهن	و لا ان تبدل
33:55	و لا ابناء اخوانهن	ولا ابناء اخوانهن
33:57	لعنهم االله فی الدنیا والاخره	لعنهم االله فی الدنیا والاخره
33:58	فقداحتملوا بهتانا	فقداحتملوا بهتانا
33:60	لنغرینک بهم	لنغرینک بهم
33:72	و اشفقن منها	فابین ان یحملنها
33:73	والمشرکین والمشرکات	و یتوب االله
34:3	و لا اکبر	ولا اصغر
34:6	هوالحق	الذي انزل الیک
34:7	کل ممزق	هل ندلکم
34:16	و اثل|جنتین	و بدلناهم
34:19	فجعلناهم احادیث	فجعلناهم احادیث
34:22	و لا فی الارض	و ما لهم فیهما
34:31	بعض القول	یرجع بعضهم
34:33	بل مکراللیل والنهار	بل مکراللیل والنهار
34:37	الا من ءامن و عمل صالحا	فاولئک لهم جزاء الضعف
34:42	نفعا ولا ضرا	و نقول للذین ظلموا
34:43	آباؤکم	قالوا ما هذا الا رجل
35:9	فسقناه الی بلد میت	فسقناه الی بلد میت
35:13	و سخر الشمس والقمر	و سخر الشمس والقمر
35:25	فقد کذب الذین من قبلهم	جاءتهم رسلهم
35:29	سرا و علانیه	و اقاموا الصلوه
35:40	ام لهم شرك فی السماوات	ارونی|ام ءاتیناهم کتابا
35:45	من دابه	و لکن یؤخرهم
36:47	اطعمه|للذین ءامنوا	قال الذین کفروا
36:65	و تکلمنا ایدیهم	و تکلمنا ایدیهم
37:151	الا انهم من افکهم لیقولون	من افکهم لیقولون ولد الله و انهم لکاذبون
37:152	الا انهم من افکهم لیقولون	من افکهم لیقولون ولد الله و انهم لکاذبون
38:26	بالحق	فاحکم
39:3	لیقربونا الی االله زلفی	ان االله یحکم بینهم
39:8	منیبا الیه|من قبل	ثم اذا خوله|نسی
39:21	مختلفا الوانه	ثم یخرج به زرعا
39:23	یخشون ربهم	تقشعر منه
39:38	هل هن کاشفات ضره	ان ارادنی االله بضر
39:46	انت تحکم بین عبادك	انت تحکم بین عبادك
39:47	لافتدوا به	لافتدوا به
39:55	بغته	من قبل
39:67	یوم القیامه	والارض جمیعا
39:69	و قضی بینهم بالحق|و وضع الکتاب	و قضی بینهم بالحق|و وضع الکتاب
39:71	رسل منکم	و قال لهم خزنتها
39:73	سلام علیکم	و قال لهم خزنتها
40:10	انفسکم	ینادون
40:21	فاخذهم االله بذنوبهم	فاخذهم االله بذنوبهم
40:28	ان یقول ربی االله	اتقتلون
40:40	فاولئک یدخلون الجنه	فاولئک یدخلون الجنه
40:43	و ان مردنا الی االله|و لا فی الاخره	و ان مردنا الی االله
40:47	انا کنا لکم تبعا	انا کنا لکم تبعا
40:56	ان فی صدورهم الا کبر	ان فی صدورهم الا کبر
40:64	فاحسن صورکم	و صورکم
40:66	من ربی	و امرت
40:67	ثم یخرجکم طفلا	ثم یخرجکم طفلا
40:83	فرحوا بما عندهم من العلم	فرحوا بما عندهم من العلم
41:5	و فی اذاننا وقر|حجاب	و فی اذاننا وقر|و من بیننا
41:10	فی اربعه ایام	و قدر فیها
41:11	طوعا او کرها	فقال لها
41:17	فاستحبوا العمی علی الهدي	فاستحبوا العمی علی الهدي
41:22	ولا جلودکم	و لکن ظننتم
41:25	و ما خلفهم	فزینوا لهم
41:29	تحت اقدامنا|من الجن والانس	ارنا الذین
41:30	الا تخافوا و لا تحزنوا	تتنزل علیهم الملائکه
41:33	و عمل صالحا	و عمل صالحا
41:37	خلقهن	واسجدوا الله
41:50	لیقولن هذا لی	لیقولن هذا لی
42:7	و من حولها	لتنذر ام القري
42:13	والذي اوحینا الیک	والذي اوحینا الیک
42:16	حجتهم داحضه عند ربهم	حجتهم داحضه عند ربهم
42:51	او من وراء حجاب	او من وراء حجاب
43:13	اذا استویتم علیه|سخر لنا هذا	ثم تذکروا|و تقولوا
43:23	علی امه|الا قال مترفوها	الا قال مترفوها
43:33	سقفا من فضه	لجعلنا
43:51	مصر	قال یا قوم
43:63	بالحکمه	قال قد جئتکم
43:85	و عنده علم الساعه	و عنده علم الساعه
45:5	فاحیا به الارض بعد موتها	و ما انزل االله من السماء من رزق
45:16	و رزقناهم من الطیبات	و رزقناهم من الطیبات
45:21	و عملوالصالحات	ان نجعلهم
45:23	و قلبه	و ختم علی سمعه
45:25	بآبائنا	ما کان حجتهم
45:26	لا ریب فیه	ثم یجمعکم
45:32	ماالساعه	قلتم ما ندري
45:34	و ماواکم النار	و ماواکم النار
46:5	الی یوم القیامه	و هم عن دعائهم
46:7	قال الذین کفروا	قال الذین کفروا
46:10	علی مثله	و شهد شاهد
46:15	اشکر نعمتک|ترضاه	قال رب|و ان اعمل
46:17	و هما یستغیثان االله	و هما یستغیثان االله
46:20	عذاب الهون|واستمتعتم بها	فالیوم تجزون
46:26	و افئده|بایات االله	فما اغنی عنهم|و حاق بهم
46:30	یهدي الی الحق|مصدقا لما بین یدیه	یهدي الی الحق|مصدقا لما بین یدیه
47:2	کفر عنهم سیئاتهم|هوالحق من ربهم	کفر عنهم سیئاتهم|و ءامنوا بما نزل علی محمد
47:4	فضرب الرقاب	حتی اذا اثخنتموهم
47:15	لم یتغیر طعمه	و انهار من لبن
47:20	ینظرون الیک	رایت الذین
47:25	سول لهم	الشیطان
47:32	لن یضروااالله شیئا|و شاقوالرسول	لن یضروااالله شیئا|و شاقواالرسول
48:2	و یتم نعمته علیک	و یتم نعمته علیک
48:5	خالدین فیها	جنات تجري من تحتها الانهار
48:12	و ظننتم ظن السوء|فی قلوبکم	و ظننتم ظن السوء
48:18	فعلم ما فی قلوبهم	فعلم ما فی قلوبهم
48:20	فعجل لکم هذه	فعجل لکم هذه
48:25	ان تطئوهم	ان تطئوهم
48:26	حمیه الجاهلیه|و الزمهم کلمه التقوي	فانزل االله|و الزمهم کلمه التقوي
48:27	ءامنین	ءامنین
48:29	فاستغلظ فاستوي علی سوقه	فاستغلظ فاستوي علی سوقه
49:2	و لا تجهروا له بالقول	و لا تجهروا له بالقول
49:6	فتبینوا	ان جاءکم فاسق|فتبینوا
49:7	و زینه فی قلوبکم	و لکن االله حبب الیکم الایمان
49:11	عسی ان یکونوا خیرا منهم	لا یسخر قوم|و لا نساء من نساء
49:15	ثم لم یرتابوا	ثم لم یرتابوا
52:21	الحقنا بهم ذریتهم	الحقنا بهم ذریتهم
53:23	سمیتموها انتم و آباؤکم	سمیتموها انتم و آباؤکم
53:26	لا تغنی شفاعتهم شیئا	لا تغنی شفاعتهم شیئا
53:31	لیجزي الذین اساءوا بما عملوا	لیجزي الذین اساءوا بما عملوا
57:8	لتؤمنوا بربکم	والرسول یدعوکم
57:12	و بایمانهم	بشراکم الیوم
57:13	فالتمسوا نورا|نقتبس من نورکم	فضرب بینهم|قیل ارجعوا
57:14	حتی جاء امراالله	و غرتکم الامانی
57:16	و ما نزل من الحق	و لا یکونوا
57:21	و جنه عرضها کعرض السماء والارض	و جنه عرضها کعرض السماء والارض
57:25	و منافع للناس	فیه باس شدید
57:27	و قفینا بعیسی ابن مریم|و رحمه|الا ابتغاء رضوان االله	و قفینا بعیسی ابن مریم|و رهبانیه|ما کتبناها علیهم
57:28	یؤتکم کفلین من رحمته	اتقواالله|یؤتکم کفلین من رحمته
57:29	و ان الفضل بیداالله	و ان الفضل بیداالله
58:3	فتحریر رقبه	فتحریر رقبه
58:7	و لا خمسه الا هو سادسهم	و لا خمسه الا هو سادسهم
58:8	و معصیت الرسول	و اذا جاؤوك
58:9	و معصیت الرسول	فلا تتناجوا بالاثم والعدوان
58:14	غضب االله علیهم	ما هم منکم
58:22	و لو کانوا آباءهم|و رسوله	و لو کانوا آباءهم
59:6	فما اوجفتم علیه من خیل و لا رکاب	فما اوجفتم علیه من خیل و لا رکاب
59:7	و لذي القربی	فلله و للرسول
59:8	یبتغون فضلا من االله و رضوانا	یبتغونیبتغون فضلا من االله و رضوانا
59:9	یحبون من هاجر الیهم|مما اوتوا	یحبون من هاجر الیهم|و لا یجدون
59:10	سبقونا بالایمان|غلا للذین آمنوا	یقولون ربنا|و لا تجعل فی قلوبنا
59:12	و لئن قوتلوا لا ینصرونهم	و لئن نصروهم
59:16	اذ قال للانسان اکفر	فلما کفر
59:23	الملک	الملک
60:1	یاء|من الحق	لا تتخذوا|یخرجون الرسول
60:2	و السنتهم بالسوء	و یبسطوا الیکم
60:4	انا برءاؤ منکم|ومما تعبدون من دون االله|حتی تؤمنوا باالله وحده	اذ قالوا لقومهم|کفرنا بکم|الا قول ابراهیم
60:8	و لم یخرجوکم من دیارکم	و لم یخرجوکم من دیارکم
60:9	و اخرجوکم من دیارکم	و اخرجوکم من دیارکم
60:12	باالله شیئا|و لا یاتین ببهتان	یبایعنک|و لا یاتین ببهتان
60:13	لا تتولوا قوما غضب االله علیهم	لا تتولوا قوما غضب االله علیهم
61:6	مصدقا لما بین یدي من التوراه	مصدقا لما بین یدي من التوراه
62:2	یتلوا علیهم آیاته	یتلوا علیهم آیاته
62:6	فتمنوا الموت	ان زعمتم
62:10	واذکرواالله کثیرا	واذکرواالله کثیرا
63:5	لووا رءوسهم	لووا رءوسهم
63:10	احدکم الموت|فاصدق	من قبل|فاصدق
64:9	جنات تجري من تحتها الانهار	و یدخله جنات تجري
65:2	او فارقوهن بمعروف	فامسکوهن بمعروف
65:4	ثلاثه اشهر	فعدتهن
65:12	مثلهن	یتنزل الامر
66:3	حدیثا	فلما نبأت
66:5	خیرا منکن|مسلمات	ان یبدله ازواجا|مسلمات
66:6	وقودها الناس والحجاره	علیها ملائکه
66:8	ان یکفر عنکم سیئاتکم|من تحتها الانهار	عسی ربکم|یوم لا یخزي االله
66:10	من االله شیئا	فخانتاهما
66:11	فی الجنه|و عمله	اذ قالت رب ابن لی|و نجنی من فرعون
66:12	فنفخنا فیه من روحنا	و صدقت بکلمات ربها
69:7	حسوما	فتري القوم
71:7	واستغشوا ثیابهم	جعلوا اصابعهم
71:28	والمؤمنات	و لا تزد الظالمین
73:20	من فضل االله	و آخرون یضربون
74:31	لیستیقن الذین اوتوا الکتاب|والمومنون	لیستیقن الذین اوتوا الکتاب|و لا یرتاب الذین
